267,Abbie,6540968,6536872
926,Abbie,6540968,6536872
700,Abbot,6540968,6536872
476,Abigael,6540968,6536872
636,Abigail,6540968,6536872
859,Abramo,6540968,6536872
324,Ad,6540968,6536872
246,Adam,6540968,6536872
418,Addia,6540968,6536872
172,Addy,6540968,6536872
227,Adel,6540968,6536872
788,Adelaida,6540968,6536872
835,Adelle,6540968,6536872
577,Adrianne,6540968,6536872
225,Adriano,6540968,6536872
556,Aeriela,6540968,6536872
390,Ag,6540968,6536872
10,Aggie,6540968,6536872
813,Agnes,6540968,6536872
948,Agustin,6540968,6536872
200,Alana,6540968,6536872
197,Alasteir,6540968,6536872
279,Alberik,6540968,6536872
345,Aldric,6540968,6536872
99,Aleda,6540968,6536872
975,Aleksandr,6540968,6536872
450,Alexandr,6540968,6536872
241,Alexandra,6540968,6536872
39,Alfredo,6540968,6536872
772,Alica,6540968,6536872
382,Alister,6540968,6536872
232,Alla,6540968,6536872
806,Almira,6540968,6536872
864,Alonzo,6540968,6536872
703,Alverta,6540968,6536872
918,Alysia,6540968,6536872
850,Amanda,6540968,6536872
754,Amber,6540968,6536872
42,Ame,6540968,6536872
405,Amerigo,6540968,6536872
236,Anastasia,6540968,6536872
825,Andrei,6540968,6536872
753,Andrej,6540968,6536872
372,Andy,6540968,6536872
913,Anetta,6540968,6536872
827,Angeli,6540968,6536872
993,Angelia,6540968,6536872
316,Angelika,6540968,6536872
86,Angie,6540968,6536872
389,Anna-maria,6540968,6536872
583,Annabell,6540968,6536872
893,Annamarie,6540968,6536872
964,Ansley,6540968,6536872
27,Anthea,6540968,6536872
461,Anthia,6540968,6536872
572,Antonella,6540968,6536872
437,Any,6540968,6536872
938,Arabel,6540968,6536872
752,Arch,6540968,6536872
266,Arel,6540968,6536872
705,Ariella,6540968,6536872
670,Arlette,6540968,6536872
963,Arley,6540968,6536872
646,Arlie,6540968,6536872
976,Arlina,6540968,6536872
146,Armand,6540968,6536872
457,Arnaldo,6540968,6536872
736,Arvie,6540968,6536872
604,Arvin,6540968,6536872
209,Asia,6540968,6536872
996,Atalanta,6540968,6536872
910,Atlante,6540968,6536872
221,Aylmer,6540968,6536872
152,Babbie,6540968,6536872
557,Babbie,6540968,6536872
412,Babita,6540968,6536872
886,Bailey,6540968,6536872
403,Bar,6540968,6536872
770,Barbey,6540968,6536872
879,Barbey,6540968,6536872
774,Barde,6540968,6536872
393,Barret,6540968,6536872
285,Bartel,6540968,6536872
486,Bartholomew,6540968,6536872
584,Basil,6540968,6536872
693,Baxy,6540968,6536872
844,Bella,6540968,6536872
20,Bellanca,6540968,6536872
479,Benita,6540968,6536872
408,Benson,6540968,6536872
148,Benton,6540968,6536872
968,Berenice,6540968,6536872
56,Bernardine,6540968,6536872
609,Bernita,6540968,6536872
154,Bertine,6540968,6536872
191,Bethina,6540968,6536872
669,Beverlee,6540968,6536872
499,Bibbie,6540968,6536872
240,Billie,6540968,6536872
512,Bird,6540968,6536872
265,Blair,6540968,6536872
768,Blakeley,6540968,6536872
67,Blanch,6540968,6536872
21,Bobbye,6540968,6536872
273,Bond,6540968,6536872
331,Booth,6540968,6536872
657,Boothe,6540968,6536872
206,Borden,6540968,6536872
758,Boycie,6540968,6536872
3,Brade,6540968,6536872
25,Braden,6540968,6536872
43,Bradney,6540968,6536872
980,Brana,6540968,6536872
11,Brandea,6540968,6536872
173,Brandon,6540968,6536872
846,Brendin,6540968,6536872
602,Brian,6540968,6536872
434,Brietta,6540968,6536872
378,Brigg,6540968,6536872
243,Brigham,6540968,6536872
564,Briney,6540968,6536872
908,Brittany,6540968,6536872
41,Brnaba,6540968,6536872
310,Brnaba,6540968,6536872
242,Broddie,6540968,6536872
14,Bronnie,6540968,6536872
478,Brooke,6540968,6536872
138,Brynn,6540968,6536872
767,Brynne,6540968,6536872
362,Buddy,6540968,6536872
534,Bunnie,6540968,6536872
681,Burgess,6540968,6536872
962,Burty,6540968,6536872
153,Byram,6540968,6536872
662,Byrom,6540968,6536872
603,Cahra,6540968,6536872
244,Cal,6540968,6536872
830,Cale,6540968,6536872
883,Callida,6540968,6536872
502,Callie,6540968,6536872
931,Callie,6540968,6536872
919,Calypso,6540968,6536872
538,Caren,6540968,6536872
558,Caren,6540968,6536872
427,Carine,6540968,6536872
353,Carita,6540968,6536872
666,Caritta,6540968,6536872
741,Carleton,6540968,6536872
465,Carley,6540968,6536872
108,Carlie,6540968,6536872
52,Carline,6540968,6536872
466,Carlye,6540968,6536872
571,Carma,6540968,6536872
749,Carola,6540968,6536872
936,Carolina,6540968,6536872
50,Carroll,6540968,6536872
569,Carter,6540968,6536872
731,Cassandry,6540968,6536872
349,Cassie,6540968,6536872
237,Cathleen,6540968,6536872
164,Cathrin,6540968,6536872
295,Catriona,6540968,6536872
876,Cecil,6540968,6536872
537,Ced,6540968,6536872
59,Celene,6540968,6536872
652,Cesaro,6540968,6536872
834,Chad,6540968,6536872
291,Chalmers,6540968,6536872
268,Channa,6540968,6536872
397,Charil,6540968,6536872
303,Charin,6540968,6536872
314,Charisse,6540968,6536872
522,Charles,6540968,6536872
969,Charlie,6540968,6536872
275,Charmian,6540968,6536872
740,Chen,6540968,6536872
945,Cherice,6540968,6536872
863,Cherish,6540968,6536872
117,Cherrita,6540968,6536872
239,Chet,6540968,6536872
990,Chiarra,6540968,6536872
444,Chrissy,6540968,6536872
292,Christiano,6540968,6536872
539,Christie,6540968,6536872
831,Christina,6540968,6536872
469,Chrisy,6540968,6536872
424,Chuck,6540968,6536872
711,Cinda,6540968,6536872
127,Cindelyn,6540968,6536872
660,Cindi,6540968,6536872
18,Cirillo,6540968,6536872
203,Cissiee,6540968,6536872
171,Clair,6540968,6536872
413,Clair,6540968,6536872
555,Clarice,6540968,6536872
158,Clarie,6540968,6536872
294,Cleo,6540968,6536872
949,Clerissa,6540968,6536872
368,Clywd,6540968,6536872
304,Coleman,6540968,6536872
429,Coleman,6540968,6536872
475,Coletta,6540968,6536872
829,Conan,6540968,6536872
891,Conant,6540968,6536872
496,Conrado,6540968,6536872
520,Coop,6540968,6536872
592,Corabelle,6540968,6536872
902,Coral,6540968,6536872
140,Corbin,6540968,6536872
12,Cordelie,6540968,6536872
133,Cordy,6540968,6536872
141,Coreen,6540968,6536872
55,Corina,6540968,6536872
600,Cornall,6540968,6536872
333,Cornie,6540968,6536872
509,Cornie,6540968,6536872
576,Corrina,6540968,6536872
837,Corrina,6540968,6536872
301,Cos,6540968,6536872
379,Crawford,6540968,6536872
73,Cristi,6540968,6536872
36,Cristie,6540968,6536872
74,Cristie,6540968,6536872
725,Cristina,6540968,6536872
68,Cristobal,6540968,6536872
783,Crosby,6540968,6536872
914,Curry,6540968,6536872
594,Cyndia,6540968,6536872
817,Cynthia,6540968,6536872
800,Daffi,6540968,6536872
49,Dagmar,6540968,6536872
374,Dalis,6540968,6536872
654,Damara,6540968,6536872
132,Dante,6540968,6536872
517,Danya,6540968,6536872
166,Darleen,6540968,6536872
723,Darlene,6540968,6536872
213,Darwin,6540968,6536872
529,Daveta,6540968,6536872
308,Davide,6540968,6536872
763,Davidson,6540968,6536872
443,Davon,6540968,6536872
988,Dawn,6540968,6536872
297,Ddene,6540968,6536872
997,De witt,6540968,6536872
932,Debby,6540968,6536872
606,Dedie,6540968,6536872
61,Deeyn,6540968,6536872
580,Delaney,6540968,6536872
955,Delila,6540968,6536872
536,Delmar,6540968,6536872
552,Delmore,6540968,6536872
386,Demeter,6540968,6536872
369,Deni,6540968,6536872
416,Dennie,6540968,6536872
533,Dennison,6540968,6536872
541,Deny,6540968,6536872
103,Desiri,6540968,6536872
170,Devi,6540968,6536872
892,Devland,6540968,6536872
857,Devlen,6540968,6536872
687,Devondra,6540968,6536872
865,Devonna,6540968,6536872
797,Diahann,6540968,6536872
145,Dianna,6540968,6536872
167,Didi,6540968,6536872
545,Domini,6540968,6536872
66,Dominica,6540968,6536872
110,Dominick,6540968,6536872
336,Dominique,6540968,6536872
245,Donal,6540968,6536872
320,Donaugh,6540968,6536872
934,Dorette,6540968,6536872
755,Dorian,6540968,6536872
28,Doro,6540968,6536872
623,Dorotea,6540968,6536872
489,Dorothea,6540968,6536872
658,Dorrie,6540968,6536872
150,Dot,6540968,6536872
247,Dotty,6540968,6536872
276,Dru,6540968,6536872
288,Dudley,6540968,6536872
289,Dulcea,6540968,6536872
272,Duncan,6540968,6536872
135,Dunstan,6540968,6536872
567,Dur,6540968,6536872
217,Dwight,6540968,6536872
274,Dyann,6540968,6536872
596,Dylan,6540968,6536872
598,Eachelle,6540968,6536872
33,Earle,6540968,6536872
804,Earle,6540968,6536872
398,Easter,6540968,6536872
419,Ed,6540968,6536872
525,Edan,6540968,6536872
786,Edan,6540968,6536872
523,Eddy,6540968,6536872
332,Eden,6540968,6536872
282,Edie,6540968,6536872
270,Edlin,6540968,6536872
952,Edwina,6540968,6536872
810,Efrem,6540968,6536872
769,Egan,6540968,6536872
198,Eleonora,6540968,6536872
642,Elinor,6540968,6536872
199,Eliot,6540968,6536872
716,Elita,6540968,6536872
808,Emanuel,6540968,6536872
591,Emlyn,6540968,6536872
601,Emmalee,6540968,6536872
799,Emmaline,6540968,6536872
867,Emmanuel,6540968,6536872
730,Emmet,6540968,6536872
433,Emmit,6540968,6536872
278,Emory,6540968,6536872
930,Emory,6540968,6536872
732,Enrica,6540968,6536872
223,Enrico,6540968,6536872
518,Erda,6540968,6536872
473,Erek,6540968,6536872
696,Erhard,6540968,6536872
184,Eric,6540968,6536872
562,Erica,6540968,6536872
985,Erna,6540968,6536872
17,Ernesta,6540968,6536872
309,Ernestus,6540968,6536872
102,Ertha,6540968,6536872
399,Esdras,6540968,6536872
967,Esme,6540968,6536872
125,Esteban,6540968,6536872
847,Estella,6540968,6536872
874,Estella,6540968,6536872
648,Ethan,6540968,6536872
519,Ethe,6540968,6536872
22,Eugene,6540968,6536872
853,Eve,6540968,6536872
527,Eveline,6540968,6536872
699,Evelyn,6540968,6536872
613,Evin,6540968,6536872
733,Evvy,6540968,6536872
923,Ezekiel,6540968,6536872
860,Fair,6540968,6536872
319,Fan,6540968,6536872
192,Farand,6540968,6536872
169,Farley,6540968,6536872
787,Fayre,6540968,6536872
436,Felicdad,6540968,6536872
647,Felike,6540968,6536872
781,Felike,6540968,6536872
986,Ferd,6540968,6536872
161,Ferdie,6540968,6536872
410,Fidelia,6540968,6536872
612,Fidole,6540968,6536872
338,Filbert,6540968,6536872
656,Filmer,6540968,6536872
718,Fina,6540968,6536872
889,Flo,6540968,6536872
144,Flora,6540968,6536872
680,Flore,6540968,6536872
789,Florella,6540968,6536872
342,Floria,6540968,6536872
575,Florida,6540968,6536872
957,Floyd,6540968,6536872
126,Fonzie,6540968,6536872
380,Fran,6540968,6536872
313,Franchot,6540968,6536872
785,Francine,6540968,6536872
371,Franni,6540968,6536872
31,Franny,6540968,6536872
535,Frans,6540968,6536872
895,Frasquito,6540968,6536872
411,Frayda,6540968,6536872
805,Fred,6540968,6536872
905,Freda,6540968,6536872
114,Freddie,6540968,6536872
497,Fredia,6540968,6536872
614,Fredia,6540968,6536872
406,Fredric,6540968,6536872
64,Gabbey,6540968,6536872
894,Gabbie,6540968,6536872
501,Gabi,6540968,6536872
897,Gabriell,6540968,6536872
394,Gaelan,6540968,6536872
677,Galen,6540968,6536872
761,Galvan,6540968,6536872
438,Gardie,6540968,6536872
440,Garold,6540968,6536872
551,Gauthier,6540968,6536872
107,Gaven,6540968,6536872
29,Gaye,6540968,6536872
385,Gayel,6540968,6536872
6,Gayle,6540968,6536872
542,Gene,6540968,6536872
104,Geneva,6540968,6536872
981,Genevieve,6540968,6536872
344,Genevra,6540968,6536872
4,Genevra,6540968,6536872
88,George,6540968,6536872
383,George,6540968,6536872
100,Georgeta,6540968,6536872
852,Giacopo,6540968,6536872
849,Gibb,6540968,6536872
136,Gideon,6540968,6536872
961,Ginnie,6540968,6536872
624,Giraud,6540968,6536872
119,Glenda,6540968,6536872
290,Gordon,6540968,6536872
745,Gordon,6540968,6536872
747,Graehme,6540968,6536872
843,Grant,6540968,6536872
595,Gray,6540968,6536872
793,Grayce,6540968,6536872
498,Gretchen,6540968,6536872
920,Gretna,6540968,6536872
582,Grier,6540968,6536872
89,Guenevere,6540968,6536872
973,Guglielma,6540968,6536872
933,Gui,6540968,6536872
181,Guillaume,6540968,6536872
887,Guillermo,6540968,6536872
147,Gustie,6540968,6536872
256,Gusty,6540968,6536872
447,Guy,6540968,6536872
709,Hagan,6540968,6536872
115,Harmon,6540968,6536872
653,Harmonia,6540968,6536872
794,Harv,6540968,6536872
838,Hashim,6540968,6536872
928,Hayden,6540968,6536872
587,Hayes,6540968,6536872
351,Heddi,6540968,6536872
488,Hedvige,6540968,6536872
528,Helen-elizabeth,6540968,6536872
546,Henrie,6540968,6536872
8,Henrieta,6540968,6536872
856,Henrieta,6540968,6536872
974,Herrick,6540968,6536872
796,Hersh,6540968,6536872
560,Hesther,6540968,6536872
589,Hesther,6540968,6536872
622,Hestia,6540968,6536872
616,Hetti,6540968,6536872
323,Hilary,6540968,6536872
455,Hilly,6540968,6536872
235,Hiram,6540968,6536872
862,Holden,6540968,6536872
57,Homer,6540968,6536872
526,Homer,6540968,6536872
360,Honor,6540968,6536872
585,Horatius,6540968,6536872
599,Howard,6540968,6536872
650,Hugo,6540968,6536872
377,Hussein,6540968,6536872
717,Hyacinthia,6540968,6536872
53,Hyacinthie,6540968,6536872
818,Hyatt,6540968,6536872
186,Ian,6540968,6536872
615,Idalina,6540968,6536872
675,Immanuel,6540968,6536872
778,Ingmar,6540968,6536872
370,Ingrim,6540968,6536872
396,Iorgos,6540968,6536872
510,Irena,6540968,6536872
842,Irv,6540968,6536872
944,Isabeau,6540968,6536872
356,Isabelle,6540968,6536872
597,Isabelle,6540968,6536872
334,Isak,6540968,6536872
16,Iver,6540968,6536872
631,Ivonne,6540968,6536872
305,Jacinda,6540968,6536872
98,Jacquelin,6540968,6536872
671,Jacqueline,6540968,6536872
885,Jan,6540968,6536872
346,Janeta,6540968,6536872
524,Janey,6540968,6536872
801,Janine,6540968,6536872
683,Jaquenette,6540968,6536872
998,Jaye,6540968,6536872
9,Jeanine,6540968,6536872
348,Jefferey,6540968,6536872
822,Jefferey,6540968,6536872
35,Jehanna,6540968,6536872
228,Jeniece,6540968,6536872
143,Jenna,6540968,6536872
251,Jenna,6540968,6536872
720,Jennie,6540968,6536872
422,Jennifer,6540968,6536872
765,Jenny,6540968,6536872
792,Jermayne,6540968,6536872
714,Jerrylee,6540968,6536872
559,Jessamine,6540968,6536872
249,Jessee,6540968,6536872
80,Jesselyn,6540968,6536872
204,Jillana,6540968,6536872
935,Jillane,6540968,6536872
722,Joannes,6540968,6536872
286,Jodi,6540968,6536872
299,Jody,6540968,6536872
87,Joelle,6540968,6536872
343,Johannes,6540968,6536872
113,Johnathon,6540968,6536872
137,Johnette,6540968,6536872
23,Johnny,6540968,6536872
726,Jonathon,6540968,6536872
425,Jordan,6540968,6536872
257,Jori,6540968,6536872
940,Josefina,6540968,6536872
632,Josepha,6540968,6536872
493,Joshia,6540968,6536872
608,Joshia,6540968,6536872
880,Josi,6540968,6536872
983,Josi,6540968,6536872
261,Josiah,6540968,6536872
549,Josiah,6540968,6536872
904,Josiah,6540968,6536872
903,Judas,6540968,6536872
751,Jude,6540968,6536872
773,Juliana,6540968,6536872
387,Juliann,6540968,6536872
449,Julietta,6540968,6536872
54,Julina,6540968,6536872
364,Junie,6540968,6536872
695,Justino,6540968,6536872
735,Kaia,6540968,6536872
219,Kaile,6540968,6536872
756,Kaitlynn,6540968,6536872
719,Kamila,6540968,6536872
459,Karen,6540968,6536872
504,Karie,6540968,6536872
26,Karim,6540968,6536872
252,Karlotte,6540968,6536872
966,Karon,6540968,6536872
458,Kassi,6540968,6536872
32,Katey,6540968,6536872
668,Katina,6540968,6536872
888,Katlin,6540968,6536872
72,Katrine,6540968,6536872
423,Keelby,6540968,6536872
836,Keene,6540968,6536872
563,Keith,6540968,6536872
737,Keith,6540968,6536872
428,Kelly,6540968,6536872
468,Kendell,6540968,6536872
82,Kendre,6540968,6536872
881,Kenna,6540968,6536872
667,Kennan,6540968,6536872
757,Kerianne,6540968,6536872
791,Ki,6540968,6536872
898,Ki,6540968,6536872
277,Kiel,6540968,6536872
105,Kilian,6540968,6536872
4,Kimbell,6540968,6536872
7,Kimberlee,6540968,6536872
946,Kimberley,6540968,6536872
159,Kipp,6540968,6536872
617,Kirk,6540968,6536872
965,Kirstin,6540968,6536872
728,Klara,6540968,6536872
366,Klarrisa,6540968,6536872
280,Koenraad,6540968,6536872
454,Korella,6540968,6536872
60,Kori,6540968,6536872
691,Krishna,6540968,6536872
690,Krystyna,6540968,6536872
354,Kurtis,6540968,6536872
81,Kylila,6540968,6536872
484,Kym,6540968,6536872
95,Kyrstin,6540968,6536872
953,Lacey,6540968,6536872
954,Laetitia,6540968,6536872
673,Lambert,6540968,6536872
674,Lamont,6540968,6536872
271,Larina,6540968,6536872
782,Laughton,6540968,6536872
803,Lazaro,6540968,6536872
238,Leeanne,6540968,6536872
456,Leeanne,6540968,6536872
439,Leelah,6540968,6536872
815,Lefty,6540968,6536872
296,Leigh,6540968,6536872
566,Lemmie,6540968,6536872
149,Lena,6540968,6536872
312,Lenci,6540968,6536872
448,Lenora,6540968,6536872
909,Leo,6540968,6536872
160,Leonie,6540968,6536872
83,Lesya,6540968,6536872
776,Letta,6540968,6536872
854,Levon,6540968,6536872
706,Lia,6540968,6536872
230,Liana,6540968,6536872
464,Liana,6540968,6536872
58,Lianna,6540968,6536872
979,Libbey,6540968,6536872
508,Lin,6540968,6536872
326,Lina,6540968,6536872
122,Linda,6540968,6536872
481,Lionello,6540968,6536872
337,Lira,6540968,6536872
620,Lissy,6540968,6536872
395,Livy,6540968,6536872
168,Lodovico,6540968,6536872
884,Lona,6540968,6536872
950,Lonna,6540968,6536872
46,Lonnard,6540968,6536872
92,Lonni,6540968,6536872
175,Lorant,6540968,6536872
120,Lorettalorna,6540968,6536872
943,Loria,6540968,6536872
795,Lorianna,6540968,6536872
513,Lorna,6540968,6536872
420,Lothaire,6540968,6536872
506,Lothaire,6540968,6536872
182,Loutitia,6540968,6536872
63,Loy,6540968,6536872
554,Lucais,6540968,6536872
762,Lucienne,6540968,6536872
715,Lucky,6540968,6536872
917,Luis,6540968,6536872
607,Lydia,6540968,6536872
619,Lyndsay,6540968,6536872
630,Lyndy,6540968,6536872
179,Lynea,6540968,6536872
553,Lynett,6540968,6536872
906,Lynn,6540968,6536872
588,Lynnette,6540968,6536872
548,Mab,6540968,6536872
460,Mac,6540968,6536872
877,Mac,6540968,6536872
629,Mace,6540968,6536872
207,Maddie,6540968,6536872
628,Maddy,6540968,6536872
655,Maddy,6540968,6536872
890,Madel,6540968,6536872
872,Madonna,6540968,6536872
820,Mag,6540968,6536872
641,Maia,6540968,6536872
189,Maible,6540968,6536872
350,Maiga,6540968,6536872
644,Malachi,6540968,6536872
205,Mallorie,6540968,6536872
869,Malory,6540968,6536872
97,Marcellus,6540968,6536872
185,Marcellus,6540968,6536872
211,Marcile,6540968,6536872
101,Marcille,6540968,6536872
451,Margalit,6540968,6536872
44,Margarete,6540968,6536872
90,Margaretha,6540968,6536872
543,Margeaux,6540968,6536872
784,Marianne,6540968,6536872
352,Marieann,6540968,6536872
477,Mariele,6540968,6536872
222,Marina,6540968,6536872
51,Marion,6540968,6536872
480,Marissa,6540968,6536872
547,Marj,6540968,6536872
511,Markos,6540968,6536872
231,Marmaduke,6540968,6536872
462,Marsiella,6540968,6536872
899,Martelle,6540968,6536872
505,Martguerita,6540968,6536872
96,Martino,6540968,6536872
947,Martyn,6540968,6536872
367,Maryellen,6540968,6536872
157,Maryjo,6540968,6536872
639,Marylee,6540968,6536872
62,Marysa,6540968,6536872
712,Matelda,6540968,6536872
550,Mathe,6540968,6536872
328,Matias,6540968,6536872
911,Maurie,6540968,6536872
531,Maxi,6540968,6536872
995,Maxi,6540968,6536872
812,Maxy,6540968,6536872
248,Maynard,6540968,6536872
325,Maynord,6540968,6536872
15,Megen,6540968,6536872
262,Melisa,6540968,6536872
485,Melisse,6540968,6536872
178,Mellicent,6540968,6536872
340,Melloney,6540968,6536872
929,Melody,6540968,6536872
744,Melonie,6540968,6536872
779,Melva,6540968,6536872
626,Menard,6540968,6536872
971,Mercedes,6540968,6536872
824,Mercie,6540968,6536872
638,Merissa,6540968,6536872
708,Merle,6540968,6536872
259,Merrile,6540968,6536872
151,Meryl,6540968,6536872
483,Micheil,6540968,6536872
816,Michele,6540968,6536872
407,Mikael,6540968,6536872
663,Millie,6540968,6536872
605,Minda,6540968,6536872
426,Minnnie,6540968,6536872
492,Minny,6540968,6536872
494,Mirilla,6540968,6536872
748,Mitchael,6540968,6536872
568,Modesta,6540968,6536872
987,Mohammed,6540968,6536872
414,Morie,6540968,6536872
254,Morris,6540968,6536872
78,Morse,6540968,6536872
530,Mort,6540968,6536872
220,Mozes,6540968,6536872
94,My,6540968,6536872
76,Nananne,6540968,6536872
106,Nance,6540968,6536872
759,Nanete,6540968,6536872
676,Nani,6540968,6536872
375,Nanni,6540968,6536872
664,Natassia,6540968,6536872
532,Nathalie,6540968,6536872
365,Neely,6540968,6536872
421,Neila,6540968,6536872
363,Neilla,6540968,6536872
643,Neron,6540968,6536872
327,Nerty,6540968,6536872
180,Nial,6540968,6536872
93,Nicky,6540968,6536872
627,Nicola,6540968,6536872
214,Nicolina,6540968,6536872
710,Nikolaus,6540968,6536872
45,Nikoletta,6540968,6536872
216,Nikoletta,6540968,6536872
678,Nilson,6540968,6536872
941,Nina,6540968,6536872
357,Nisse,6540968,6536872
215,Nita,6540968,6536872
970,Noach,6540968,6536872
48,Noella,6540968,6536872
790,Noll,6540968,6536872
339,Nona,6540968,6536872
384,Nonnah,6540968,6536872
828,Norbert,6540968,6536872
253,Norene,6540968,6536872
814,Obadiah,6540968,6536872
809,Obadias,6540968,6536872
896,Oberon,6540968,6536872
833,Oby,6540968,6536872
621,Odessa,6540968,6536872
201,Odey,6540968,6536872
921,Odie,6540968,6536872
287,Ofelia,6540968,6536872
162,Ofella,6540968,6536872
832,Olivier,6540968,6536872
130,Omero,6540968,6536872
858,Ophelie,6540968,6536872
839,Oralia,6540968,6536872
263,Orelee,6540968,6536872
912,Oren,6540968,6536872
924,Orlan,6540968,6536872
618,Orson,6540968,6536872
155,Osbert,6540968,6536872
283,Osbert,6540968,6536872
729,Osbert,6540968,6536872
196,Otho,6540968,6536872
445,Ozzie,6540968,6536872
698,Paddie,6540968,6536872
743,Pancho,6540968,6536872
19,Park,6540968,6536872
163,Pascale,6540968,6536872
507,Patrice,6540968,6536872
121,Patrizio,6540968,6536872
503,Patton,6540968,6536872
69,Paulita,6540968,6536872
704,Pauly,6540968,6536872
611,Pearla,6540968,6536872
870,Pearla,6540968,6536872
984,Pebrook,6540968,6536872
124,Pen,6540968,6536872
516,Pernell,6540968,6536872
233,Peter,6540968,6536872
111,Petey,6540968,6536872
707,Petronille,6540968,6536872
871,Phelia,6540968,6536872
194,Philipa,6540968,6536872
574,Phillipe,6540968,6536872
861,Pietrek,6540968,6536872
234,Pietro,6540968,6536872
430,Pincus,6540968,6536872
123,Pippa,6540968,6536872
771,Portia,6540968,6536872
453,Portie,6540968,6536872
174,Prentiss,6540968,6536872
400,Prince,6540968,6536872
544,Prisca,6540968,6536872
402,Rachel,6540968,6536872
281,Rafaellle,6540968,6536872
341,Rafaello,6540968,6536872
47,Raine,6540968,6536872
878,Ralf,6540968,6536872
471,Ramsay,6540968,6536872
335,Rand,6540968,6536872
937,Randy,6540968,6536872
994,Raquela,6540968,6536872
848,Rasia,6540968,6536872
24,Reagen,6540968,6536872
34,Redd,6540968,6536872
777,Ree,6540968,6536872
441,Regine,6540968,6536872
307,Renie,6540968,6536872
570,Retha,6540968,6536872
900,Riccardo,6540968,6536872
322,Richard,6540968,6536872
727,Rickie,6540968,6536872
702,Rikki,6540968,6536872
446,Rina,6540968,6536872
882,Rina,6540968,6536872
721,Riobard,6540968,6536872
177,Robbi,6540968,6536872
697,Robbie,6540968,6536872
927,Robinia,6540968,6536872
819,Roch,6540968,6536872
470,Rod,6540968,6536872
38,Roda,6540968,6536872
195,Roderigo,6540968,6536872
79,Roland,6540968,6536872
218,Romola,6540968,6536872
302,Ron,6540968,6536872
487,Rorie,6540968,6536872
637,Rosalia,6540968,6536872
686,Rosalyn,6540968,6536872
330,Rosemarie,6540968,6536872
746,Rosemarie,6540968,6536872
713,Roslyn,6540968,6536872
764,Roslyn,6540968,6536872
866,Rubi,6540968,6536872
293,Russell,6540968,6536872
183,Ruthe,6540968,6536872
565,Rutherford,6540968,6536872
649,Ruthy,6540968,6536872
77,Sacha,6540968,6536872
472,Saidee,6540968,6536872
1000,Saleem,6540968,6536872
4,Saleem,6540968,6536872
4,Saleem,6540968,6536872
474,Salomi,6540968,6536872
452,Samara,6540968,6536872
645,Sarajane,6540968,6536872
561,Sasha,6540968,6536872
916,Saunder,6540968,6536872
540,Saunders,6540968,6536872
875,Saw,6540968,6536872
70,Sayre,6540968,6536872
298,Sayre,6540968,6536872
610,Sayre,6540968,6536872
6815800,Sayre,6540968,6536872
210,Sayres,6540968,6536872
188,Scarface,6540968,6536872
578,Scarlett,6540968,6536872
11141176,Scarlett,6540968,6536872
187,Sebastien,6540968,6536872
633,Shandra,6540968,6536872
982,Sharai,6540968,6536872
71,Shaughn,6540968,6536872
901,Shaughn,6540968,6536872
959,Shaughn,6540968,6536872
388,Shauna,6540968,6536872
463,Shea,6540968,6536872
5,Sheelagh,6540968,6536872
672,Sheila-kathryn,6540968,6536872
802,Sheilah,6540968,6536872
13,Shel,6540968,6536872
579,Shel,6540968,6536872
841,Shelley,6540968,6536872
521,Sheridan,6540968,6536872
661,Shermie,6540968,6536872
391,Sherwin,6540968,6536872
635,Sherwin,6540968,6536872
269,Shirl,6540968,6536872
165,Sib,6540968,6536872
417,Sibley,6540968,6536872
851,Sidoney,6540968,6536872
284,Sidonia,6540968,6536872
760,Sidonia,6540968,6536872
381,Silas,6540968,6536872
734,Silas,6540968,6536872
409,Sileas,6540968,6536872
306,Silvan,6540968,6536872
742,Silvano,6540968,6536872
11403320,Silvano,6540968,6536872
738,Silvie,6540968,6536872
361,Sinclair,6540968,6536872
956,Sioux,6540968,6536872
491,Skipton,6540968,6536872
415,Skylar,6540968,6536872
972,Sloan,6540968,6536872
684,Sly,6540968,6536872
431,Smitty,6540968,6536872
75,Solomon,6540968,6536872
65,Star,6540968,6536872
37,Stefa,6540968,6536872
264,Stephen,6540968,6536872
134,Stephenie,6540968,6536872
118,Stu,6540968,6536872
91,Sully,6540968,6536872
811,Susi,6540968,6536872
573,Sutherlan,6540968,6536872
467,Svend,6540968,6536872
258,Sydelle,6540968,6536872
40,Sydney,6540968,6536872
907,Tabb,6540968,6536872
229,Tabina,6540968,6536872
311,Tabor,6540968,6536872
260,Tadd,6540968,6536872
682,Tally,6540968,6536872
442,Tam,6540968,6536872
490,Tamarah,6540968,6536872
999,Tamarra,6540968,6536872
823,Tania,6540968,6536872
156,Tanny,6540968,6536872
142,Tanya,6540968,6536872
347,Tarra,6540968,6536872
4,Tarra,6540968,6536872
84,Tatiania,6540968,6536872
701,Tedra,6540968,6536872
689,Terrence,6540968,6536872
694,Terrie,6540968,6536872
112,Tersina,6540968,6536872
873,Thomasa,6540968,6536872
212,Thomasina,6540968,6536872
651,Thorndike,6540968,6536872
315,Timothea,6540968,6536872
250,Tiphani,6540968,6536872
581,Tiphani,6540968,6536872
30,Toby,6540968,6536872
766,Toby,6540968,6536872
131,Tom,6540968,6536872
679,Tomi,6540968,6536872
625,Tonya,6540968,6536872
780,Tootsie,6540968,6536872
482,Tori,6540968,6536872
515,Torrey,6540968,6536872
116,Tracey,6540968,6536872
992,Trenna,6540968,6536872
85,Trenton,6540968,6536872
821,Trevor,6540968,6536872
958,Trista,6540968,6536872
109,Trixie,6540968,6536872
226,Trula,6540968,6536872
590,Trumaine,6540968,6536872
868,Trumaine,6540968,6536872
359,Tully,6540968,6536872
915,Tyrone,6540968,6536872
358,Ula,6540968,6536872
586,Umeko,6540968,6536872
11665464,Umeko,6540968,6536872
318,Urban,6540968,6536872
329,Urbano,6540968,6536872
401,Vail,6540968,6536872
855,Vassili,6540968,6536872
939,Verina,6540968,6536872
942,Vernen,6540968,6536872
373,Veronica,6540968,6536872
593,Vic,6540968,6536872
392,Vikki,6540968,6536872
376,Vikky,6540968,6536872
129,Vina,6540968,6536872
514,Vincents,6540968,6536872
634,Viva,6540968,6536872
432,Wade,6540968,6536872
840,Wadsworth,6540968,6536872
951,Wake,6540968,6536872
190,Waldon,6540968,6536872
989,Wandie,6540968,6536872
176,Wanids,6540968,6536872
978,Warner,6540968,6536872
500,Warren,6540968,6536872
317,Web,6540968,6536872
208,Weider,6540968,6536872
922,Wenda,6540968,6536872
977,Wenonah,6540968,6536872
435,Wesley,6540968,6536872
665,Wheeler,6540968,6536872
355,Wilfred,6540968,6536872
775,Wilie,6540968,6536872
404,Willa,6540968,6536872
659,Willdon,6540968,6536872
495,Willey,6540968,6536872
321,Wilona,6540968,6536872
807,Wini,6540968,6536872
739,Winnifred,6540968,6536872
925,Wittie,6540968,6536872
640,Wolfy,6540968,6536872
688,Xenos,6540968,6536872
139,Yankee,6540968,6536872
845,Yardley,6540968,6536872
798,Yelena,6540968,6536872
826,Yetta,6540968,6536872
202,Yorke,6540968,6536872
685,Yul,6540968,6536872
255,Yuri,6540968,6536872
300,Zabrina,6540968,6536872
991,Zaccaria,6540968,6536872
128,Zacharie,6540968,6536872
724,Zia,6540968,6536872
960,Zitella,6540968,6536872
193,Zolly,6540968,6536872
224,Zonda,6540968,6536872
692,Zorina,6540968,6536872
750,Zsa zsa,6540968,6536872
